{"cameraMode":{"drawMode":0,"name":"Shaded","section":"Shading Mode"},"sceneLighting":false,"audioPlay":false,"sceneViewState":{"showFog":true,"showMaterialUpdate":true,"showSkybox":true,"showFlares":true,"showImageEffects":true,"showParticleSystems":true},"in2DMode":false,"pivot":{"x":-2.814534902572632,"y":-1.442347526550293,"z":-2.5786991119384767},"rotation":{"x":0.005545997992157936,"y":0.980871319770813,"z":-0.19251883029937745,"w":0.02825775556266308},"size":7.9435906410217289,"orthographic":false}